City,Country,Lat,Lng,Temp,Max Temp,Humidity,Cloudiness,Wind Speed,Date
Avarua,CK,-21.21,-159.78,82.4,82.4,69,0,6.93,Sun Mar  3 11:30:00 2019
Busselton,AU,-33.64,115.35,62.92,64.99,41,0,19.95,Sun Mar  3 11:55:11 2019
Bluff,AU,-23.58,149.07,69.7,69.7,81,76,11.9,Sun Mar  3 11:54:27 2019
Butaritari,KI,3.07,172.79,77.71,77.71,100,92,10.89,Sun Mar  3 11:58:05 2019
Rikitea,PF,-23.12,-134.97,79.42,79.42,100,56,12.57,Sun Mar  3 11:58:05 2019
Souillac,FR,45.6,-0.6,58.82,60.01,54,0,13.87,Sun Mar  3 11:55:41 2019
Rocha,UY,-34.48,-54.34,77.62,77.62,41,0,7.43,Sun Mar  3 11:58:06 2019
Los Llanos de Aridane,ES,28.66,-17.92,61.72,66.2,72,40,14.99,Sun Mar  3 11:47:49 2019
Hasaki,JP,35.73,140.83,47.71,51.8,93,75,12.75,Sun Mar  3 11:34:35 2019
Vardo,US,39.62,-77.74,32.86,34.0,80,90,5.82,Sun Mar  3 11:57:24 2019
Port Alfred,ZA,-33.59,26.89,70.0,70.0,87,0,1.01,Sun Mar  3 11:54:01 2019
Saskylakh,RU,71.97,114.09,-25.57,-25.57,38,36,3.51,Sun Mar  3 11:58:09 2019
Ushuaia,AR,-54.81,-68.31,55.4,55.4,47,75,8.05,Sun Mar  3 11:00:00 2019
Airai,TL,-8.93,125.41,67.9,67.9,92,32,0.38,Sun Mar  3 11:58:10 2019
Pokhara,NP,28.21,83.99,35.59,35.59,81,0,1.95,Sun Mar  3 11:58:10 2019
San Patricio,PY,-26.98,-56.83,89.86,89.86,54,0,2.51,Sun Mar  3 11:58:01 2019
Sao Jose da Coroa Grande,BR,-8.9,-35.15,79.83,79.83,86,76,10.67,Sun Mar  3 11:58:10 2019
Birzai,LT,56.2,24.75,39.91,39.91,94,92,16.93,Sun Mar  3 11:58:11 2019
Burnie,AU,-41.05,145.91,51.35,55.0,80,8,3.0,Sun Mar  3 11:57:43 2019
Khatanga,RU,71.98,102.47,-0.1,-0.1,75,44,18.39,Sun Mar  3 11:58:11 2019
Tiznit,MA,29.7,-9.73,55.57,55.57,94,0,3.74,Sun Mar  3 11:58:09 2019
Mataura,NZ,-46.19,168.86,51.01,51.01,95,0,1.99,Sun Mar  3 11:50:07 2019
Severo-Kurilsk,RU,50.68,156.12,24.7,24.7,100,56,22.53,Sun Mar  3 11:58:12 2019
Sarangani,PH,5.4,125.46,78.97,78.97,100,12,8.77,Sun Mar  3 11:58:13 2019
Peterhead,AU,-34.83,138.5,65.08,68.0,68,0,3.36,Sun Mar  3 11:56:38 2019
Cape Town,ZA,-33.93,18.42,67.3,70.0,88,0,5.82,Sun Mar  3 11:57:32 2019
Kapaa,US,22.08,-159.32,70.03,71.6,68,75,12.75,Sun Mar  3 11:53:26 2019
Castro,CL,-42.48,-73.76,53.6,53.6,100,90,14.99,Sun Mar  3 11:00:00 2019
Caravelas,BR,-17.73,-39.27,84.01,84.01,100,48,13.02,Sun Mar  3 11:58:14 2019
Berlevag,NO,70.86,29.09,21.2,21.2,92,90,4.7,Sun Mar  3 10:50:00 2019
Tuktoyaktuk,CA,69.44,-133.03,12.2,12.2,78,75,21.92,Sun Mar  3 11:00:00 2019
Vaini,IN,15.34,74.49,60.39,60.39,86,0,1.39,Sun Mar  3 11:58:16 2019
Lebu,ET,8.96,38.73,64.4,64.4,59,40,9.17,Sun Mar  3 11:00:00 2019
Cherskiy,RU,68.75,161.3,-17.47,-17.47,50,20,5.97,Sun Mar  3 11:33:37 2019
Gazalkent,UZ,41.57,69.78,42.8,42.8,75,0,6.93,Sun Mar  3 11:30:00 2019
Chokurdakh,RU,70.62,147.9,-13.33,-13.33,62,36,6.2,Sun Mar  3 11:58:17 2019
Khasan,RU,42.43,130.64,29.16,29.16,100,12,5.64,Sun Mar  3 11:58:17 2019
Anadyr,RU,64.73,177.51,30.2,30.2,92,90,53.69,Sun Mar  3 11:00:00 2019
Luderitz,NA,-26.65,15.16,63.76,63.76,78,20,19.39,Sun Mar  3 11:58:18 2019
Guarapari,BR,-20.67,-40.5,89.6,89.6,59,0,16.11,Sun Mar  3 11:00:00 2019
Uglich,RU,57.53,38.32,20.34,20.34,87,64,11.12,Sun Mar  3 11:55:05 2019
Marienburg,DE,52.12,9.98,51.1,53.6,71,75,17.22,Sun Mar  3 11:54:52 2019
Danville,US,36.59,-79.4,46.45,50.0,66,90,5.82,Sun Mar  3 11:54:39 2019
Nanortalik,GL,60.14,-45.24,27.18,27.18,100,88,10.89,Sun Mar  3 11:58:20 2019
Yellowknife,CA,62.45,-114.38,4.44,8.01,42,40,3.36,Sun Mar  3 11:53:11 2019
Safford,US,32.83,-109.71,66.56,68.0,39,1,3.36,Sun Mar  3 11:53:42 2019
Ulaanbaatar,MN,47.92,106.92,5.0,5.0,65,0,4.47,Sun Mar  3 11:00:00 2019
Carnarvon,ZA,-30.97,22.13,65.83,65.83,39,0,7.76,Sun Mar  3 11:58:21 2019
Neuquen,AR,-38.95,-68.06,78.8,78.8,26,0,10.29,Sun Mar  3 11:00:00 2019
Port Elizabeth,US,39.31,-74.98,41.16,44.01,86,90,6.93,Sun Mar  3 11:58:21 2019
Komsomolskoye,UA,45.02,34.02,21.78,21.78,79,0,4.52,Sun Mar  3 11:58:23 2019
Esperance,TT,10.24,-61.45,77.22,78.8,69,75,13.87,Sun Mar  3 11:55:07 2019
Katsuura,JP,33.93,134.5,47.98,48.99,100,90,6.93,Sun Mar  3 11:24:42 2019
Victoria,BN,5.28,115.24,78.42,78.8,94,75,1.12,Sun Mar  3 11:00:00 2019
Jamestown,AU,-33.21,138.6,66.78,66.78,84,64,3.96,Sun Mar  3 11:58:25 2019
Ponta Delgada,PT,37.73,-25.67,55.99,57.2,71,75,9.17,Sun Mar  3 11:58:13 2019
Rawson,AR,-43.3,-65.11,79.69,79.69,21,0,10.89,Sun Mar  3 11:58:26 2019
Beloha,MG,-25.17,45.06,73.48,73.48,85,0,9.78,Sun Mar  3 11:58:26 2019
Henties Bay,NA,-22.12,14.28,66.0,66.0,88,20,1.99,Sun Mar  3 11:02:06 2019
Buta,CD,2.79,24.73,73.3,73.3,94,20,1.95,Sun Mar  3 11:58:27 2019
Kodiak,US,39.95,-94.76,8.49,12.0,16,1,13.87,Sun Mar  3 11:57:10 2019
Arraial do Cabo,BR,-22.97,-42.02,84.2,84.2,74,75,6.93,Sun Mar  3 12:00:00 2019
Brae,GB,60.4,-1.35,43.83,44.6,93,92,11.41,Sun Mar  3 11:20:00 2019
Nipawin,CA,53.36,-104.02,5.0,5.0,60,90,17.22,Sun Mar  3 11:00:00 2019
Punta Arenas,CL,-53.16,-70.91,55.2,55.4,80,20,23.04,Sun Mar  3 11:53:08 2019
Curaca,BR,-8.99,-39.91,85.81,85.81,54,76,2.39,Sun Mar  3 11:58:29 2019
Waipawa,NZ,-39.94,176.59,55.99,55.99,89,0,4.07,Sun Mar  3 11:49:17 2019
Nikolskoye,RU,59.7,30.79,17.6,17.6,85,75,2.24,Sun Mar  3 11:30:00 2019
Sorland,NO,67.67,12.69,21.47,26.6,63,0,8.05,Sun Mar  3 10:50:00 2019
Leningradskiy,RU,69.38,178.42,9.63,9.63,76,32,10.78,Sun Mar  3 11:58:31 2019
East London,ZA,-33.02,27.91,74.92,74.92,100,8,20.29,Sun Mar  3 11:58:31 2019
Vicar,ES,36.83,-2.64,55.04,57.0,87,0,5.41,Sun Mar  3 11:55:16 2019
Bibiani,GH,6.45,-2.31,79.15,79.15,36,0,6.08,Sun Mar  3 11:58:32 2019
Provideniya,RU,64.42,-173.23,29.34,29.34,94,92,34.83,Sun Mar  3 11:58:28 2019
Ostrovnoy,RU,68.05,39.51,0.63,0.63,60,0,9.78,Sun Mar  3 11:58:33 2019
Qaanaaq,GL,77.48,-69.36,-6.71,-6.71,85,0,11.56,Sun Mar  3 11:58:33 2019
Montepuez,MZ,-13.13,39.0,70.87,70.87,97,48,4.52,Sun Mar  3 11:58:33 2019
Bethel,US,60.79,-161.76,22.91,24.8,79,1,8.05,Sun Mar  3 11:53:00 2019
Mar del Plata,AR,-46.43,-67.52,63.94,63.94,41,32,23.09,Sun Mar  3 11:58:34 2019
Hermanus,ZA,-34.42,19.24,64.81,66.99,91,0,2.28,Sun Mar  3 11:47:37 2019
Ust-Omchug,RU,61.13,149.63,-32.5,-32.5,50,0,2.95,Sun Mar  3 11:58:35 2019
Ikot Ekpene,NG,5.18,7.71,75.51,75.51,91,32,5.19,Sun Mar  3 11:56:16 2019
Aykhal,RU,65.95,111.51,-5.18,-5.18,51,8,7.09,Sun Mar  3 11:58:35 2019
Atuona,PF,-9.8,-139.03,80.28,80.28,100,92,12.35,Sun Mar  3 11:58:36 2019
Mahebourg,MU,-20.41,57.7,80.82,81.0,83,40,5.82,Sun Mar  3 11:54:06 2019
Touros,BR,-5.2,-35.46,82.4,82.4,78,75,11.41,Sun Mar  3 11:00:00 2019
Nouadhibou,MR,20.93,-17.03,69.8,69.8,64,0,18.34,Sun Mar  3 11:00:00 2019
Albany,US,42.65,-73.75,36.45,41.0,40,40,3.4,Sun Mar  3 11:56:02 2019
Lata,IN,30.78,78.62,29.92,29.92,94,0,2.39,Sun Mar  3 11:58:24 2019
Barrow,AR,-38.31,-60.23,79.38,79.38,40,44,14.03,Sun Mar  3 11:58:38 2019
Madimba,CM,4.42,9.93,80.6,80.6,94,40,3.51,Sun Mar  3 11:00:00 2019
Sao Filipe,CV,14.9,-24.5,72.54,72.54,88,0,17.05,Sun Mar  3 11:45:45 2019
Ancud,CL,-41.87,-73.83,53.6,53.6,100,90,14.99,Sun Mar  3 11:00:00 2019
Skibbereen,IE,51.55,-9.27,33.8,33.8,100,40,5.82,Sun Mar  3 11:30:00 2019
Adrar,DZ,27.87,-0.29,73.4,73.4,9,0,8.05,Sun Mar  3 11:00:00 2019
Manching,DE,48.72,11.49,48.49,50.0,61,75,3.36,Sun Mar  3 11:57:19 2019
Hofn,IS,64.25,-15.21,36.81,36.81,100,88,38.86,Sun Mar  3 11:58:41 2019
Salalah,OM,17.01,54.1,78.8,78.8,61,20,3.36,Sun Mar  3 10:50:00 2019
Qasigiannguit,GL,68.82,-51.19,19.4,19.4,73,76,1.12,Sun Mar  3 10:50:00 2019
Northam,GB,51.04,-4.21,47.35,50.0,71,40,20.8,Sun Mar  3 11:57:33 2019
Tyulyachi,RU,55.89,50.23,19.4,19.4,92,90,8.95,Sun Mar  3 11:30:00 2019
Kawalu,ID,-7.38,108.21,67.45,67.45,98,88,2.17,Sun Mar  3 11:58:43 2019
Zhigansk,RU,66.77,123.37,-2.8,-2.8,73,68,6.64,Sun Mar  3 11:58:44 2019
Vila Franca do Campo,PT,37.72,-25.43,56.03,57.2,71,75,9.17,Sun Mar  3 11:55:15 2019
Pareora,NZ,-44.49,171.21,59.0,59.0,97,20,3.51,Sun Mar  3 11:58:35 2019
Hobart,AU,-42.88,147.33,51.21,53.01,76,40,4.7,Sun Mar  3 11:47:20 2019
Poum,MK,41.28,20.71,19.93,19.93,78,0,2.06,Sun Mar  3 11:58:45 2019
Omboue,GA,-1.57,9.26,83.92,83.92,99,80,9.33,Sun Mar  3 11:58:46 2019
Dikson,RU,73.51,80.55,-6.13,-6.13,100,56,26.44,Sun Mar  3 11:58:40 2019
Mirnyy,RU,56.57,36.46,7.83,7.83,72,0,4.63,Sun Mar  3 11:58:46 2019
Gayeri,BF,12.65,0.49,73.66,73.66,22,0,7.65,Sun Mar  3 11:58:47 2019
Puerto Ayora,EC,-0.74,-90.35,87.8,87.8,62,20,11.41,Sun Mar  3 11:00:00 2019
Onega,RU,63.91,38.09,10.84,10.84,90,56,3.74,Sun Mar  3 11:58:47 2019
Labytnangi,RU,66.66,66.39,-2.57,-2.57,59,64,19.73,Sun Mar  3 11:58:48 2019
Tuatapere,NZ,-46.13,167.69,51.01,51.01,95,0,1.99,Sun Mar  3 11:50:07 2019
Nuuk,GL,64.17,-51.74,23.0,23.0,79,75,9.17,Sun Mar  3 11:42:43 2019
Constitucion,MX,23.99,-104.67,77.92,79.0,11,40,5.82,Sun Mar  3 11:40:16 2019
Shebalino,RU,51.29,85.68,21.82,21.82,79,0,3.51,Sun Mar  3 11:58:49 2019
Weihai,CN,37.5,122.11,41.44,41.44,91,36,10.0,Sun Mar  3 11:58:49 2019
Williams Lake,CA,52.13,-122.14,3.2,3.2,49,5,4.7,Sun Mar  3 11:00:00 2019
Gravdal,NO,59.79,5.78,41.7,44.01,93,75,13.87,Sun Mar  3 11:58:09 2019
Richards Bay,ZA,-28.77,32.06,69.52,69.52,97,80,3.51,Sun Mar  3 11:36:11 2019
New Norfolk,AU,-42.78,147.06,51.22,53.01,76,40,4.7,Sun Mar  3 11:57:20 2019
Flinders,AU,-34.58,150.85,66.43,73.0,100,8,5.19,Sun Mar  3 11:58:33 2019
Tbilisskaya,RU,45.36,40.19,34.0,34.0,92,0,4.97,Sun Mar  3 11:45:18 2019
Miramar,CR,10.09,-84.73,81.41,84.2,42,20,11.41,Sun Mar  3 11:00:00 2019
Goderich,CA,43.74,-81.71,24.3,26.01,89,92,5.19,Sun Mar  3 11:49:15 2019
Emba,CY,34.81,32.42,54.0,57.2,76,40,2.24,Sun Mar  3 11:31:22 2019
Ginda,IN,30.69,78.49,29.92,29.92,94,0,2.39,Sun Mar  3 11:58:53 2019
La Romana,DO,18.43,-68.97,82.8,86.0,48,40,6.93,Sun Mar  3 11:00:00 2019
Hilo,US,19.71,-155.08,66.4,70.0,73,90,10.29,Sun Mar  3 11:57:12 2019
Upernavik,GL,72.79,-56.15,11.29,11.29,100,80,10.22,Sun Mar  3 11:58:54 2019
Bredasdorp,ZA,-34.53,20.04,63.05,64.4,77,0,1.12,Sun Mar  3 11:47:37 2019
Nova Olimpia,BR,-14.8,-57.29,91.21,91.21,60,8,4.29,Sun Mar  3 11:58:55 2019
Cabo San Lucas,MX,22.89,-109.91,80.51,88.0,41,5,6.93,Sun Mar  3 11:46:39 2019
Klaksvik,FO,62.23,-6.59,41.0,41.0,93,92,3.36,Sun Mar  3 11:50:00 2019
Nha Trang,VN,12.24,109.19,73.4,73.4,88,20,3.36,Sun Mar  3 11:30:00 2019
Ambilobe,MG,-13.19,49.05,79.38,79.38,74,0,8.21,Sun Mar  3 11:58:56 2019
Impfondo,CD,1.62,18.06,75.96,75.96,90,32,2.62,Sun Mar  3 11:58:57 2019
Esmeraldas,BR,-19.76,-44.31,82.38,84.2,48,40,8.05,Sun Mar  3 12:00:00 2019
Fortuna,ES,38.18,-1.13,57.87,59.0,76,0,2.62,Sun Mar  3 11:55:32 2019
Saint-Philippe,CA,45.36,-73.48,30.33,32.0,86,40,5.82,Sun Mar  3 11:58:54 2019
Quatre Cocos,MU,-20.21,57.76,80.8,81.0,83,40,5.82,Sun Mar  3 11:54:06 2019
Hibbing,US,47.43,-92.94,-1.57,-0.01,53,40,9.17,Sun Mar  3 11:55:14 2019
Broome,GB,52.47,1.45,52.3,55.0,81,40,20.8,Sun Mar  3 11:58:17 2019
Jacareacanga,BR,-6.22,-57.76,78.61,78.61,94,24,0.72,Sun Mar  3 11:58:59 2019
Kaniama,CD,-7.57,24.18,71.05,71.05,89,68,3.51,Sun Mar  3 11:59:00 2019
Plainview,US,34.18,-101.71,21.67,23.0,85,90,11.41,Sun Mar  3 11:15:00 2019
Chumphon,TH,10.5,99.18,75.24,75.24,93,56,0.49,Sun Mar  3 11:59:00 2019
Thompson,CA,55.74,-97.86,5.0,5.0,65,90,13.87,Sun Mar  3 11:00:00 2019
Sao Felix do Xingu,BR,-6.64,-51.99,78.07,78.07,86,56,2.62,Sun Mar  3 11:59:01 2019
Westborough,US,42.27,-71.61,40.59,43.0,48,75,4.18,Sun Mar  3 11:58:52 2019
Roald,NO,62.58,6.12,38.19,42.01,93,75,5.82,Sun Mar  3 11:55:04 2019
Kahului,US,20.89,-156.47,71.17,75.2,57,20,10.29,Sun Mar  3 11:43:41 2019
Alice Springs,AU,-23.7,133.88,73.4,73.4,27,32,5.82,Sun Mar  3 11:00:00 2019
Huinan,CN,42.68,126.04,26.91,26.91,72,36,2.39,Sun Mar  3 11:59:03 2019
Gigmoto,PH,13.78,124.39,76.27,76.27,100,68,5.64,Sun Mar  3 11:54:49 2019
Talnakh,RU,69.49,88.39,-10.58,-10.58,52,8,3.4,Sun Mar  3 11:59:03 2019
Muriti,TZ,-1.99,32.93,69.8,69.8,83,40,5.97,Sun Mar  3 11:00:00 2019
Kruisfontein,ZA,-34.0,24.73,63.36,63.36,85,0,5.41,Sun Mar  3 11:59:04 2019
Varkkallai,IN,8.73,76.71,84.2,84.2,74,40,2.73,Sun Mar  3 11:30:00 2019
Kavieng,PG,-2.57,150.8,83.38,83.38,100,32,6.31,Sun Mar  3 11:47:46 2019
Necochea,AR,-38.55,-58.74,80.31,81.0,36,48,3.0,Sun Mar  3 11:51:38 2019
Hamilton,BM,32.3,-64.78,70.45,71.6,78,75,8.05,Sun Mar  3 11:45:56 2019
Longyearbyen,NO,78.22,15.63,-2.21,-2.21,58,75,8.05,Sun Mar  3 11:50:00 2019
Launceston,AU,-41.43,147.14,58.5,61.0,87,8,6.93,Sun Mar  3 11:50:05 2019
Hithadhoo,MV,-0.6,73.08,83.34,83.34,100,92,11.34,Sun Mar  3 11:59:07 2019
Kulhudhuffushi,MV,6.62,73.07,82.26,82.26,100,92,8.66,Sun Mar  3 11:58:41 2019
Tiksi,RU,71.64,128.87,-5.95,-5.95,70,56,8.66,Sun Mar  3 11:59:08 2019
Khandbari,NP,27.38,87.21,23.53,23.53,63,12,1.16,Sun Mar  3 11:59:08 2019
Lichuan,CN,30.3,108.94,26.73,26.73,78,32,2.06,Sun Mar  3 11:59:08 2019
Tasiilaq,GL,65.61,-37.64,24.8,24.8,73,80,24.16,Sun Mar  3 10:50:00 2019
Pacific Grove,US,36.62,-121.92,56.12,61.0,93,90,8.05,Sun Mar  3 11:54:12 2019
Filadelfia,PY,-22.35,-60.04,95.58,95.58,43,0,14.47,Sun Mar  3 11:59:10 2019
Iqaluit,CA,63.75,-68.52,-5.41,-5.01,70,75,2.24,Sun Mar  3 11:52:43 2019
Narsaq,GL,60.91,-46.05,32.0,32.0,68,44,3.51,Sun Mar  3 10:50:00 2019
Vanavara,RU,60.35,102.28,3.55,3.55,62,0,3.06,Sun Mar  3 11:59:11 2019
Codrington,AU,-28.95,153.24,67.33,68.0,88,40,4.07,Sun Mar  3 11:55:28 2019
Ahvaz,IR,31.32,48.68,57.2,57.2,47,0,2.24,Sun Mar  3 11:30:00 2019
Urucara,BR,-2.54,-57.76,86.58,86.58,63,20,3.06,Sun Mar  3 11:59:11 2019
Soyo,AO,-6.13,12.37,84.2,84.2,79,20,5.82,Sun Mar  3 11:00:00 2019
Kaitangata,NZ,-46.28,169.85,58.68,58.68,78,0,4.52,Sun Mar  3 11:59:12 2019
Bartica,GY,6.41,-58.62,84.2,84.2,70,75,16.11,Sun Mar  3 11:00:00 2019
Bambous Virieux,MU,-20.34,57.76,80.82,81.0,83,40,5.82,Sun Mar  3 11:54:06 2019
Tvoroyri,FO,61.56,-6.81,41.0,41.0,93,92,3.36,Sun Mar  3 11:50:00 2019
Harper,US,30.3,-99.24,39.22,41.0,93,90,18.34,Sun Mar  3 11:35:00 2019
Tura,IN,25.52,90.21,59.13,59.13,75,0,3.4,Sun Mar  3 11:59:14 2019
Teguldet,RU,57.31,88.17,31.14,31.14,91,88,8.88,Sun Mar  3 11:59:14 2019
Ribeira Grande,PT,38.52,-28.7,57.2,57.2,67,75,11.41,Sun Mar  3 11:30:00 2019
Chuy,UY,-33.69,-53.46,73.08,73.08,68,0,10.0,Sun Mar  3 11:59:15 2019
Tautira,PF,-17.73,-149.15,86.0,86.0,70,20,6.93,Sun Mar  3 11:53:03 2019
Wanaka,NZ,-44.7,169.14,50.8,50.8,75,0,2.73,Sun Mar  3 11:50:27 2019
Sibolga,ID,1.74,98.78,68.08,68.08,100,44,1.95,Sun Mar  3 11:50:15 2019
Eureka,US,40.8,-124.16,54.75,57.0,100,90,6.93,Sun Mar  3 11:59:10 2019
Norman Wells,CA,65.28,-126.83,-7.61,-7.61,69,5,3.36,Sun Mar  3 11:00:00 2019
Saint-Pierre,FR,48.95,4.24,52.66,55.4,81,90,23.04,Sun Mar  3 11:57:04 2019
Marsh Harbour,BS,26.54,-77.06,75.96,75.96,100,64,14.03,Sun Mar  3 11:58:29 2019
Sitka,US,37.17,-99.65,10.99,10.99,77,68,7.0,Sun Mar  3 11:45:16 2019
Inzer,RU,54.22,57.56,12.91,12.91,77,0,6.53,Sun Mar  3 11:59:19 2019
Hami,CN,42.84,93.51,26.28,26.28,62,0,7.2,Sun Mar  3 11:59:20 2019
Lorengau,PG,-2.02,147.27,82.84,82.84,99,0,4.97,Sun Mar  3 11:59:20 2019
Whitehorse,CA,60.72,-135.06,10.2,10.4,51,20,12.75,Sun Mar  3 11:52:45 2019
Kangaatsiaq,GL,68.31,-53.46,9.85,9.85,100,20,1.83,Sun Mar  3 11:59:21 2019
Okhotsk,RU,59.36,143.24,-7.7,-7.7,100,0,6.64,Sun Mar  3 11:59:21 2019
Moa,CU,20.66,-74.95,76.59,76.59,72,76,3.06,Sun Mar  3 11:59:21 2019
Mahajanga,MG,-15.72,46.32,82.4,82.4,83,20,2.24,Sun Mar  3 11:00:00 2019
Aksay,RU,47.27,39.86,29.26,30.0,79,20,13.42,Sun Mar  3 11:50:21 2019
Marechal Candido Rondon,BR,-24.56,-54.06,86.62,86.62,68,20,2.95,Sun Mar  3 11:59:23 2019
Arcata,US,40.87,-124.08,54.75,57.0,100,90,6.93,Sun Mar  3 11:58:25 2019
Karpathos,GR,35.51,27.21,59.0,59.0,58,0,16.11,Sun Mar  3 11:20:00 2019
Pontianak,ID,-0.02,109.34,76.27,76.27,99,56,4.74,Sun Mar  3 11:59:24 2019
Maceio,BR,-9.67,-35.74,80.6,80.6,74,40,13.87,Sun Mar  3 12:00:00 2019
Turayf,SA,31.68,38.65,50.0,50.0,61,0,5.82,Sun Mar  3 11:00:00 2019
Nyurba,RU,63.29,118.35,1.57,1.57,69,48,3.74,Sun Mar  3 11:59:25 2019
Bereznik,RU,62.86,42.71,10.75,10.75,83,88,3.4,Sun Mar  3 11:59:25 2019
Lima,PE,-12.06,-77.04,82.4,82.4,58,0,13.87,Sun Mar  3 11:00:00 2019
Halifax,CA,44.65,-63.58,29.97,32.0,68,75,13.87,Sun Mar  3 11:56:06 2019
Lebyazhye,RU,59.96,29.42,18.91,19.99,85,75,2.24,Sun Mar  3 11:59:03 2019
Korcula,HR,42.96,17.14,48.06,48.2,100,20,4.7,Sun Mar  3 11:00:00 2019
Balkhash,KZ,46.84,74.98,21.06,21.06,80,24,6.98,Sun Mar  3 11:59:27 2019
Iskateley,RU,67.68,53.15,-4.37,-4.37,65,0,10.89,Sun Mar  3 11:59:27 2019
Sao Joao da Barra,BR,-21.64,-41.05,89.6,89.6,52,20,16.11,Sun Mar  3 11:00:00 2019
Lynchburg,US,37.41,-79.14,42.1,46.99,75,90,3.36,Sun Mar  3 11:48:02 2019
Cairns,AU,-16.92,145.77,71.47,75.2,88,75,9.17,Sun Mar  3 11:53:15 2019
Avera,US,33.19,-82.53,71.65,75.2,73,75,10.29,Sun Mar  3 11:59:18 2019
General Pico,AR,-35.66,-63.75,81.4,81.4,61,56,14.36,Sun Mar  3 11:58:04 2019
Zhangjiakou,CN,40.77,114.88,18.36,18.36,66,20,2.73,Sun Mar  3 11:59:28 2019
Ugoofaaru,MV,5.67,73.0,82.89,82.89,99,92,10.11,Sun Mar  3 11:59:29 2019
Kaka,TM,37.35,59.62,34.11,34.11,92,8,2.51,Sun Mar  3 11:59:29 2019
Lompoc,US,34.64,-120.46,57.88,61.0,87,90,9.17,Sun Mar  3 11:58:18 2019
Laem Sing,TH,12.48,102.07,86.0,86.0,73,92,8.77,Sun Mar  3 11:51:37 2019
Naantali,FI,60.45,22.03,22.64,24.01,88,92,6.64,Sun Mar  3 11:56:49 2019
Vestmannaeyjar,IS,63.44,-20.27,38.83,38.83,96,92,13.13,Sun Mar  3 11:54:43 2019
Sebring,US,27.5,-81.44,85.35,88.0,45,40,6.93,Sun Mar  3 11:55:28 2019
Mega,ET,4.06,38.32,60.7,60.7,85,20,2.84,Sun Mar  3 11:59:31 2019
Husavik,CA,50.56,-96.99,-0.3,1.99,71,56,10.0,Sun Mar  3 11:54:35 2019
Quchan,IR,37.11,58.51,26.77,26.77,76,56,4.97,Sun Mar  3 11:59:32 2019
Atar,MR,20.52,-13.05,65.38,65.38,16,0,7.09,Sun Mar  3 11:59:32 2019
Iracoubo,GF,5.48,-53.21,81.49,81.49,60,32,6.98,Sun Mar  3 11:59:33 2019
Tupsan,PH,9.2,124.78,73.71,73.71,95,0,5.97,Sun Mar  3 11:59:34 2019
Canta,RO,47.17,27.55,37.56,39.2,41,0,5.82,Sun Mar  3 11:55:31 2019
Dese,IT,45.53,12.3,49.64,52.0,81,76,4.7,Sun Mar  3 11:58:20 2019
Betare Oya,CM,5.6,14.08,74.61,74.61,81,56,5.75,Sun Mar  3 11:59:38 2019
Prainha,BR,-1.8,-53.48,85.45,85.45,70,24,4.18,Sun Mar  3 11:58:30 2019
Bilibino,RU,68.06,166.44,-14.77,-14.77,62,56,2.73,Sun Mar  3 11:57:45 2019
Yar-Sale,RU,66.83,70.83,1.21,1.21,89,80,23.09,Sun Mar  3 11:59:39 2019
Dhangadhi,NP,28.7,80.57,48.24,48.24,86,0,3.29,Sun Mar  3 11:59:39 2019
Hirara,JP,24.8,125.28,69.21,69.21,100,8,21.41,Sun Mar  3 11:59:39 2019
Ati,TD,13.21,18.34,80.23,80.23,28,0,8.43,Sun Mar  3 11:59:39 2019
Moose Factory,CA,51.26,-80.61,5.0,5.0,60,75,12.75,Sun Mar  3 11:43:00 2019
Nelson Bay,AU,-32.72,152.14,68.31,69.8,83,48,5.82,Sun Mar  3 11:52:55 2019
Awjilah,LY,29.14,21.3,55.21,55.21,59,0,10.89,Sun Mar  3 11:59:41 2019
Moscow,RU,55.75,37.62,23.72,24.8,92,0,11.18,Sun Mar  3 11:00:00 2019
Bagan,RU,54.1,77.67,29.47,29.47,87,68,18.28,Sun Mar  3 11:59:42 2019
Rochegda,RU,62.67,43.41,9.31,9.31,68,64,3.74,Sun Mar  3 11:59:42 2019
Mehamn,NO,71.03,27.85,23.11,24.8,92,90,4.7,Sun Mar  3 11:20:00 2019
Watsa,CD,3.04,29.53,67.36,67.36,84,8,2.62,Sun Mar  3 11:59:42 2019
Carutapera,BR,-1.2,-46.02,73.89,73.89,100,92,5.3,Sun Mar  3 11:59:43 2019
Inuvik,CA,68.36,-133.71,1.67,6.8,55,20,2.24,Sun Mar  3 11:00:00 2019
Arica,CL,-18.48,-70.32,77.0,77.0,53,0,13.87,Sun Mar  3 11:00:00 2019
Wendo,ET,6.6,38.42,67.86,67.86,52,92,2.84,Sun Mar  3 11:59:44 2019
Parana,BR,-7.52,-72.89,89.6,89.6,66,75,9.17,Sun Mar  3 11:00:00 2019
Narrabri,AU,-30.33,149.78,68.0,68.0,56,0,1.12,Sun Mar  3 11:00:00 2019
Yibin,CN,28.77,104.64,49.09,49.09,92,92,2.84,Sun Mar  3 11:59:45 2019
Agirish,RU,61.92,63.02,10.84,10.84,75,80,8.1,Sun Mar  3 11:59:45 2019
Catabola,AO,-12.14,17.29,63.99,63.99,83,0,2.62,Sun Mar  3 11:59:45 2019
Corralillo,CU,22.98,-80.59,87.84,87.84,51,48,4.29,Sun Mar  3 11:59:45 2019
Morant Bay,JM,17.88,-76.41,82.4,82.4,54,75,12.75,Sun Mar  3 11:00:00 2019
Ouesso,CG,1.61,16.05,76.41,76.41,88,36,3.06,Sun Mar  3 11:59:46 2019
Port-Gentil,GA,-0.72,8.78,82.4,82.4,83,75,10.29,Sun Mar  3 11:00:00 2019
Wajir,KE,1.75,40.07,82.08,82.08,46,0,7.76,Sun Mar  3 11:59:46 2019
Clyde River,CA,70.47,-68.59,-4.01,-4.01,76,20,9.17,Sun Mar  3 11:00:00 2019
Marzuq,YE,14.4,46.47,57.01,57.01,92,20,2.17,Sun Mar  3 11:59:47 2019
Nantucket,US,41.28,-70.1,38.98,41.0,64,75,9.17,Sun Mar  3 11:58:49 2019
Visnes,NO,59.36,5.22,42.93,44.01,87,75,12.75,Sun Mar  3 11:57:02 2019
Jijiga,ET,9.35,42.8,55.89,55.89,88,36,1.16,Sun Mar  3 11:59:48 2019
Yenagoa,NG,4.92,6.26,77.89,77.89,85,12,7.43,Sun Mar  3 11:59:49 2019
Zaidpur,IN,26.83,81.33,62.6,62.6,93,40,2.24,Sun Mar  3 11:30:00 2019
Saint Anthony,US,43.97,-111.68,21.94,26.01,57,1,9.17,Sun Mar  3 11:55:58 2019
Aras,YE,14.28,44.38,46.12,46.12,87,0,1.5,Sun Mar  3 11:59:50 2019
Lavrentiya,RU,65.58,-170.99,28.44,28.44,92,76,30.69,Sun Mar  3 11:59:50 2019
Saldanha,PT,41.42,-6.55,53.05,53.05,69,44,15.26,Sun Mar  3 11:59:51 2019
Loa Janan,ID,-0.58,117.09,77.13,77.13,92,12,2.06,Sun Mar  3 11:59:51 2019
Barra Bonita,BR,-22.49,-48.56,79.3,84.2,79,40,4.7,Sun Mar  3 11:55:34 2019
Eenhana,NA,-17.48,16.34,86.0,86.0,37,68,4.7,Sun Mar  3 11:00:00 2019
Geeste,DE,52.6,7.27,52.02,54.0,76,92,10.29,Sun Mar  3 11:59:51 2019
Gat,SN,14.69,-16.54,75.2,75.2,33,0,18.34,Sun Mar  3 11:30:00 2019
Axim,GH,4.87,-2.24,83.79,83.79,95,48,13.58,Sun Mar  3 11:59:53 2019
Padang,ID,-0.92,100.36,83.34,83.34,100,88,9.33,Sun Mar  3 11:59:54 2019
Grindavik,IS,63.84,-22.43,40.42,41.0,100,0,12.75,Sun Mar  3 11:54:15 2019
Faanui,PF,-16.48,-151.75,83.34,83.34,100,20,5.64,Sun Mar  3 11:58:21 2019
Sept-Iles,CA,50.2,-66.38,22.5,23.0,41,20,11.41,Sun Mar  3 11:46:02 2019
Petrozavodsk,RU,61.79,34.39,19.4,19.4,85,76,6.71,Sun Mar  3 11:00:00 2019
Wanning,AT,48.64,13.53,43.9,48.99,70,75,2.24,Sun Mar  3 11:59:42 2019
Bonfim,GY,3.36,-59.84,95.53,95.53,33,0,13.69,Sun Mar  3 11:59:56 2019
Hualmay,PE,-11.1,-77.61,77.17,77.17,66,24,4.97,Sun Mar  3 11:59:57 2019
Mackay,CA,53.65,-115.58,3.2,3.2,41,5,10.29,Sun Mar  3 11:00:00 2019
Xuddur,SO,4.12,43.89,77.31,77.31,46,0,7.09,Sun Mar  3 11:59:57 2019
Nicoya,CR,10.15,-85.45,93.2,93.2,44,40,11.41,Sun Mar  3 11:00:00 2019
Road Town,VG,18.42,-64.62,80.65,82.4,58,40,10.29,Sun Mar  3 12:00:00 2019
Almunecar,ES,36.73,-3.69,58.62,62.01,38,0,1.12,Sun Mar  3 11:58:07 2019
Naze,NG,5.43,7.07,82.4,82.4,88,40,6.93,Sun Mar  3 11:00:00 2019
Coahuayana,MX,18.62,-100.35,90.13,90.13,28,0,3.06,Sun Mar  3 11:49:31 2019
Balabac,PH,7.99,117.06,79.56,79.56,100,44,10.67,Sun Mar  3 12:00:00 2019
Longhua,CN,29.21,106.21,48.51,48.51,88,92,2.73,Sun Mar  3 12:00:13 2019
Mitu,IR,36.2,46.09,23.44,23.44,85,36,2.62,Sun Mar  3 12:00:23 2019
Hun,BE,50.34,4.87,52.61,55.0,87,75,20.8,Sun Mar  3 12:00:08 2019
Marawi,PH,8.0,124.29,73.0,73.0,92,0,1.95,Sun Mar  3 12:00:23 2019
Haines Junction,CA,60.75,-137.51,10.57,10.57,82,32,2.84,Sun Mar  3 12:00:24 2019
Darab,IR,28.75,54.55,28.75,28.75,74,0,1.72,Sun Mar  3 12:00:25 2019
Vostok,RU,46.45,135.83,3.06,3.06,61,0,1.95,Sun Mar  3 12:00:25 2019
Novyy Urengoy,RU,66.08,76.63,16.33,16.33,90,92,19.51,Sun Mar  3 11:55:28 2019
Bloomfield,US,40.75,-92.42,7.34,8.6,55,1,20.8,Sun Mar  3 11:58:45 2019
Pandan,PH,11.72,122.09,78.61,78.61,100,64,14.81,Sun Mar  3 12:00:26 2019
Georgetown,GY,6.8,-58.16,83.37,84.2,78,75,16.11,Sun Mar  3 11:00:00 2019
Ilulissat,GL,69.22,-51.1,19.4,19.4,73,76,1.12,Sun Mar  3 10:50:00 2019
Amberley,NZ,-43.15,172.73,57.7,60.01,93,0,11.41,Sun Mar  3 11:58:05 2019
Kargasok,RU,59.06,80.87,29.11,29.11,76,56,10.45,Sun Mar  3 12:00:27 2019
Akcakoca,TR,41.09,31.12,25.11,25.11,88,0,1.61,Sun Mar  3 12:00:27 2019
Dzerzhinsk,RU,56.24,43.46,24.24,24.8,85,90,8.95,Sun Mar  3 11:30:00 2019
Belaya Gora,RU,68.54,146.19,-30.47,-30.47,50,0,4.18,Sun Mar  3 12:00:28 2019
Atikokan,CA,48.76,-91.62,-1.31,-1.31,44,36,8.66,Sun Mar  3 12:00:28 2019
Santa Maria,BR,-29.69,-53.81,87.8,87.8,55,20,6.93,Sun Mar  3 11:00:00 2019
Izvoarele,RO,45.55,27.77,33.48,33.48,90,0,9.33,Sun Mar  3 12:00:31 2019
Okha,RU,53.59,142.95,-9.82,-9.82,86,0,3.18,Sun Mar  3 12:00:31 2019
Teknaf,BD,20.86,92.31,66.01,66.01,72,0,5.53,Sun Mar  3 12:00:32 2019
Sola,FI,62.78,29.36,16.45,17.01,85,90,5.82,Sun Mar  3 11:57:06 2019
Lazaro Cardenas,MX,28.39,-105.62,79.23,82.99,20,5,6.93,Sun Mar  3 11:59:04 2019
Shimanovsk,RU,52.0,127.67,1.71,1.71,67,0,3.51,Sun Mar  3 12:00:33 2019
Chupa,PE,-15.11,-69.99,64.4,64.4,42,40,11.41,Sun Mar  3 11:00:00 2019
Semey,KZ,50.41,80.25,21.19,21.19,85,48,6.53,Sun Mar  3 12:00:34 2019
Balikpapan,ID,-1.24,116.86,80.59,80.59,100,20,6.42,Sun Mar  3 12:00:01 2019
Lujiang,CN,31.26,117.28,37.4,37.4,93,0,4.47,Sun Mar  3 11:00:00 2019
Ahipara,NZ,-35.17,173.16,66.64,66.64,78,24,4.07,Sun Mar  3 12:00:34 2019
Francisco Morato,BR,-23.28,-46.74,73.94,82.4,82,40,9.17,Sun Mar  3 11:00:00 2019
Chenghai,CN,23.46,116.77,59.0,59.0,87,0,2.24,Sun Mar  3 11:00:00 2019
Salisbury,GB,51.07,-1.8,49.44,51.01,76,75,27.51,Sun Mar  3 12:00:23 2019
Muros,ES,42.77,-9.06,55.9,60.01,93,75,21.92,Sun Mar  3 12:00:11 2019
Morwell,AU,-38.24,146.4,62.51,64.0,94,8,1.99,Sun Mar  3 12:00:04 2019
Palo Alto,US,37.44,-122.16,57.88,62.01,82,90,4.74,Sun Mar  3 11:56:03 2019
Anchorage,US,61.22,-149.89,27.97,30.99,68,90,3.36,Sun Mar  3 11:56:20 2019
Torbay,CA,47.66,-52.73,23.92,25.0,92,90,19.46,Sun Mar  3 12:00:31 2019
Pokoynoye,RU,44.81,44.25,26.68,26.68,78,12,6.76,Sun Mar  3 11:57:34 2019
Iskilip,TR,40.73,34.47,18.4,18.4,74,0,2.62,Sun Mar  3 12:00:38 2019
Sindou,BF,10.66,-5.16,74.65,74.65,25,0,9.22,Sun Mar  3 12:00:39 2019
Tagusao,PH,9.19,117.81,73.03,73.03,98,0,2.95,Sun Mar  3 12:00:39 2019
Cap Malheureux,MU,-19.98,57.61,80.76,81.0,83,40,5.82,Sun Mar  3 11:59:07 2019
Benicarlo,ES,40.42,0.43,60.58,66.0,65,0,3.0,Sun Mar  3 11:59:13 2019
Chicama,PE,-7.84,-79.15,78.8,78.8,74,40,9.17,Sun Mar  3 11:00:00 2019
Saint George,GR,39.45,22.34,44.6,44.6,75,20,4.7,Sun Mar  3 10:50:00 2019
Pevek,RU,69.7,170.27,-2.35,-2.35,83,64,8.43,Sun Mar  3 11:59:28 2019
Kankan,GN,10.38,-9.3,75.28,75.28,28,36,7.31,Sun Mar  3 12:00:41 2019
Bajil,ES,38.23,-2.07,45.63,45.63,78,0,2.62,Sun Mar  3 12:00:41 2019
Coquimbo,CL,-29.95,-71.34,68.0,68.0,68,20,12.75,Sun Mar  3 11:00:00 2019
Paamiut,GL,61.99,-49.67,25.83,25.83,100,0,11.79,Sun Mar  3 12:00:42 2019
Bonthe,SL,7.53,-12.5,81.94,81.94,59,0,5.64,Sun Mar  3 12:00:42 2019
Byron Bay,AU,-28.65,153.62,67.37,68.0,88,40,10.11,Sun Mar  3 12:00:30 2019
Ponta do Sol,BR,-20.63,-46.0,70.15,70.15,88,92,3.85,Sun Mar  3 11:59:09 2019
Strezhevoy,RU,60.73,77.6,28.4,28.4,74,75,11.18,Sun Mar  3 11:30:00 2019
Lethem,GY,3.38,-59.8,95.53,95.53,33,0,13.69,Sun Mar  3 12:00:43 2019
South Lake Tahoe,US,38.93,-119.98,41.02,48.99,86,90,9.17,Sun Mar  3 12:00:42 2019
Kotri,PK,25.36,68.31,56.88,56.88,92,0,7.87,Sun Mar  3 12:00:44 2019
Mahibadhoo,MV,3.78,72.97,83.11,83.11,99,44,12.24,Sun Mar  3 12:00:44 2019
Setubal,AR,-31.5,-60.68,92.7,96.01,51,24,8.01,Sun Mar  3 12:00:05 2019
Sainte-Rose,CA,45.61,-73.79,30.25,33.01,68,75,11.41,Sun Mar  3 12:00:35 2019
Takoradi,GH,4.89,-1.75,83.11,83.11,97,68,9.44,Sun Mar  3 11:45:30 2019
Ayna,ES,38.55,-2.07,56.86,62.6,29,0,6.93,Sun Mar  3 12:00:11 2019
Cascais,PT,38.7,-9.42,58.14,59.0,87,75,9.17,Sun Mar  3 11:58:30 2019
Geraldton,CA,49.72,-86.95,1.4,1.4,54,90,8.05,Sun Mar  3 11:00:00 2019
Abra de Ilog,PH,13.44,120.73,73.3,73.3,100,36,6.08,Sun Mar  3 12:00:46 2019
Luanda,AO,-8.83,13.24,78.7,78.7,96,92,5.97,Sun Mar  3 11:56:23 2019
Totma,RU,59.98,42.76,10.84,10.84,81,36,7.43,Sun Mar  3 12:00:47 2019
Wajima,JP,37.4,136.9,44.73,44.73,100,92,12.8,Sun Mar  3 12:00:47 2019
Koslan,RU,63.46,48.9,-9.5,-9.5,65,0,2.39,Sun Mar  3 12:00:48 2019
Shimoda,JP,34.7,138.93,48.45,51.01,84,88,3.0,Sun Mar  3 11:55:11 2019
Redding,US,40.59,-122.39,51.6,55.99,81,90,2.51,Sun Mar  3 11:58:48 2019
Vanderhoof,CA,54.02,-124.02,12.82,12.82,38,0,3.4,Sun Mar  3 12:00:49 2019
Temnikov,RU,54.63,43.21,26.68,26.68,86,64,9.55,Sun Mar  3 12:00:50 2019
Mbandaka,CD,0.05,18.26,76.45,76.45,93,36,2.39,Sun Mar  3 12:00:50 2019
Wyndham,GB,51.61,-3.54,47.23,50.0,70,75,31.09,Sun Mar  3 12:00:16 2019
Cabra,ES,37.47,-4.43,59.32,60.8,51,0,4.7,Sun Mar  3 11:57:02 2019
Sri Aman,MY,1.24,111.46,75.07,75.2,94,64,1.5,Sun Mar  3 11:00:00 2019
San Carlos del Zulia,VE,9.0,-71.91,93.51,93.51,45,12,3.4,Sun Mar  3 12:00:51 2019
Gazojak,TM,41.19,61.4,37.98,37.98,93,0,2.95,Sun Mar  3 12:00:51 2019
Qaqortoq,GL,60.72,-46.03,32.0,32.0,91,80,10.45,Sun Mar  3 10:50:00 2019
Chifeng,CN,42.27,118.96,22.14,22.14,79,0,2.95,Sun Mar  3 12:00:52 2019
Comodoro Rivadavia,AR,-45.87,-67.48,69.8,69.8,30,40,25.28,Sun Mar  3 11:00:00 2019
Chillicothe,US,39.33,-82.98,30.47,32.0,86,90,8.05,Sun Mar  3 11:56:56 2019
Zhezkazgan,KZ,47.8,67.71,32.76,32.76,98,92,7.76,Sun Mar  3 12:00:53 2019
Biak,ID,-0.91,122.88,77.08,77.08,99,8,3.29,Sun Mar  3 12:00:54 2019
Salgar,CO,5.96,-75.98,79.38,86.0,37,40,11.41,Sun Mar  3 11:00:00 2019
Yatou,CM,3.63,9.81,80.6,80.6,94,40,6.64,Sun Mar  3 11:00:00 2019
Paita,PE,-5.09,-81.11,62.6,62.6,290,0,10.29,Sun Mar  3 11:00:00 2019
Bukama,CD,-9.2,25.85,69.93,69.93,95,48,4.63,Sun Mar  3 12:00:55 2019
Khandyga,RU,62.65,135.58,-29.39,-29.39,46,0,2.51,Sun Mar  3 11:59:57 2019
Baker City,US,44.77,-117.83,25.11,33.01,73,90,9.17,Sun Mar  3 12:00:50 2019
Oussouye,SN,12.49,-16.54,78.8,78.8,36,80,9.17,Sun Mar  3 11:00:00 2019
Conde,BR,-11.81,-37.61,83.47,83.47,78,44,11.68,Sun Mar  3 11:59:41 2019
Poroszlo,HU,47.65,20.67,46.4,46.4,65,0,9.17,Sun Mar  3 11:15:00 2019
Burgeo,CA,47.61,-57.61,26.91,26.91,100,80,16.15,Sun Mar  3 12:00:57 2019
Acapulco,MX,16.86,-99.88,84.2,84.2,70,5,12.75,Sun Mar  3 10:51:00 2019
Khonsa,IN,26.99,95.51,53.73,53.73,94,88,1.95,Sun Mar  3 12:00:58 2019
Cidreira,BR,-30.17,-50.22,78.07,78.07,69,8,10.56,Sun Mar  3 12:00:58 2019
Beringovskiy,RU,63.05,179.32,32.35,32.35,94,92,25.1,Sun Mar  3 12:00:59 2019
Henderson,US,36.04,-114.98,65.52,68.0,39,40,14.99,Sun Mar  3 11:59:31 2019
Torata,PE,-17.08,-70.84,53.14,53.14,75,76,2.62,Sun Mar  3 12:00:59 2019
Dunedin,NZ,-45.87,170.5,60.01,60.01,91,0,4.0,Sun Mar  3 11:55:32 2019
Bud,NO,62.91,6.91,37.85,41.0,93,75,5.82,Sun Mar  3 12:00:39 2019
Daru,SL,7.99,-10.85,78.7,78.7,58,0,1.83,Sun Mar  3 12:01:00 2019
Sabang,PH,13.72,123.58,73.66,73.66,98,32,4.97,Sun Mar  3 12:01:01 2019
Finote Selam,ET,10.7,37.27,54.54,54.54,63,48,3.51,Sun Mar  3 12:01:01 2019
Te Anau,NZ,-45.41,167.72,48.28,48.28,81,12,4.07,Sun Mar  3 11:59:41 2019
Primero de Enero,CU,21.94,-78.43,87.8,87.8,52,40,11.41,Sun Mar  3 10:50:00 2019
Baglan,GB,51.62,-3.81,46.24,50.0,70,75,31.09,Sun Mar  3 12:00:50 2019
Marmaris,TR,36.85,28.27,52.75,59.0,93,75,8.05,Sun Mar  3 11:58:07 2019
Margate,AU,-43.03,147.26,52.14,53.6,76,40,5.82,Sun Mar  3 12:00:01 2019
Thai Binh,VN,20.45,106.33,71.6,71.6,78,40,6.93,Sun Mar  3 11:30:00 2019
Westport,IE,53.8,-9.52,40.89,45.0,93,75,8.05,Sun Mar  3 11:58:14 2019
Chipinge,ZW,-20.19,32.62,73.26,73.26,85,0,6.2,Sun Mar  3 12:01:04 2019
Vitim,RU,59.44,112.57,15.16,15.16,88,80,2.39,Sun Mar  3 12:01:05 2019
Jaragua do Sul,BR,-26.49,-49.07,85.3,88.0,70,40,10.29,Sun Mar  3 12:00:47 2019
Casper,US,42.87,-106.31,2.97,5.0,71,75,4.7,Sun Mar  3 11:57:32 2019
Karratha,AU,-20.74,116.85,80.95,80.95,49,76,1.39,Sun Mar  3 12:01:06 2019
Hovd,NO,63.83,10.7,30.85,33.8,88,90,17.22,Sun Mar  3 12:00:15 2019
Yulara,AU,-25.24,130.99,78.8,78.8,24,0,8.05,Sun Mar  3 11:00:00 2019
Laguna,MX,27.52,-110.01,82.4,82.4,28,5,10.29,Sun Mar  3 10:42:00 2019
Inirida,CO,3.87,-67.92,84.55,84.55,74,20,2.84,Sun Mar  3 12:01:08 2019
Payakumbuh,ID,-0.23,100.63,70.83,70.83,93,48,2.17,Sun Mar  3 12:01:09 2019
Maningrida,AU,-12.05,134.23,77.89,77.89,98,88,13.8,Sun Mar  3 12:00:09 2019
Shelburne,CA,44.08,-80.2,27.59,30.0,58,90,12.75,Sun Mar  3 11:56:03 2019
Yumen,CN,40.29,97.04,19.26,19.26,67,0,3.62,Sun Mar  3 12:01:10 2019
Weatherford,US,32.76,-97.8,37.78,39.99,74,90,16.11,Sun Mar  3 11:59:48 2019
Tevriz,RU,57.51,72.4,30.28,30.28,83,88,16.15,Sun Mar  3 12:01:10 2019
Tel Aviv-Yafo,IL,32.08,34.78,52.74,57.2,58,20,5.82,Sun Mar  3 11:57:16 2019
Chino Valley,US,34.76,-112.45,60.89,66.99,47,40,6.93,Sun Mar  3 12:00:31 2019
Atbasar,KZ,51.81,68.36,29.61,29.61,90,88,16.04,Sun Mar  3 12:01:11 2019
Jinka,ET,5.79,36.57,66.19,66.19,65,24,1.61,Sun Mar  3 12:01:12 2019
Kuytun,RU,54.34,101.51,8.05,8.05,63,0,3.62,Sun Mar  3 12:01:12 2019
Porto Walter,BR,-8.27,-72.74,95.58,95.58,37,0,2.95,Sun Mar  3 12:01:13 2019
Taltal,CL,-25.41,-70.49,71.86,71.86,64,0,4.52,Sun Mar  3 12:01:13 2019
Lasa,CY,34.92,32.53,54.05,57.2,76,40,2.24,Sun Mar  3 11:31:22 2019
Pilar,AR,-34.46,-58.91,78.57,80.6,47,0,12.75,Sun Mar  3 12:00:04 2019
Babu,CN,23.23,104.89,53.28,53.28,92,32,2.62,Sun Mar  3 12:01:14 2019
Soligalich,RU,59.08,42.29,13.63,13.63,94,8,7.31,Sun Mar  3 12:01:14 2019
Nouakchott,MR,18.08,-15.98,80.6,80.6,6,0,8.05,Sun Mar  3 11:30:00 2019
Ciudad Bolivar,VE,8.12,-63.55,95.13,95.13,31,8,12.68,Sun Mar  3 11:57:55 2019
Nizhneudinsk,RU,54.91,99.03,16.06,16.06,79,0,5.08,Sun Mar  3 12:01:15 2019
Sinnamary,GF,5.38,-52.96,81.18,81.18,87,44,10.78,Sun Mar  3 12:01:03 2019
Acajutla,SV,13.59,-89.83,82.99,82.99,75,12,4.0,Sun Mar  3 11:45:52 2019
Komsomolskiy,RU,67.55,63.78,-14.36,-14.36,42,8,3.18,Sun Mar  3 12:01:16 2019
Olinda,EC,-2.03,-79.75,86.92,87.8,66,75,8.05,Sun Mar  3 12:01:13 2019
Manzhouli,CN,49.6,117.43,15.39,15.39,68,68,4.07,Sun Mar  3 12:01:17 2019
Rome,IT,41.89,12.48,50.18,54.0,87,0,4.7,Sun Mar  3 11:58:40 2019
Melfi,IT,41.0,15.66,44.6,44.6,52,5,5.82,Sun Mar  3 10:55:00 2019
Stary Sacz,PL,49.56,20.64,43.45,51.01,75,20,10.29,Sun Mar  3 12:00:56 2019
Asmara,ER,15.34,38.93,54.63,54.63,92,8,2.17,Sun Mar  3 12:01:18 2019
Carroll,AU,-30.99,150.44,62.6,62.6,72,0,6.93,Sun Mar  3 11:30:00 2019
Santander,PH,9.42,123.33,76.18,76.18,100,8,8.88,Sun Mar  3 12:01:19 2019
Pisco,PE,-13.71,-76.2,71.6,71.6,30,40,11.41,Sun Mar  3 11:00:00 2019
Mwense,ZM,-10.39,28.7,67.36,67.36,95,8,6.98,Sun Mar  3 12:01:20 2019
Shafranovo,RU,53.97,54.77,10.08,10.08,84,20,11.45,Sun Mar  3 12:01:20 2019
Broken Hill,AU,-31.97,141.45,82.4,82.4,24,0,5.82,Sun Mar  3 11:00:00 2019
Tarakan,ID,3.3,117.63,80.59,80.59,95,32,6.2,Sun Mar  3 12:01:21 2019
Leh,IN,34.16,77.58,-3.38,-3.38,73,56,1.72,Sun Mar  3 12:01:21 2019
Mango,IT,44.69,8.15,51.42,55.4,87,75,9.17,Sun Mar  3 12:01:05 2019
Mattawa,CA,46.32,-78.7,16.38,17.01,72,75,12.75,Sun Mar  3 12:00:17 2019
Southbridge,US,42.08,-72.03,41.09,44.01,38,1,3.4,Sun Mar  3 12:01:16 2019
Kincardine,GB,56.07,-3.72,41.43,44.01,81,0,4.7,Sun Mar  3 12:00:05 2019
Saint-Augustin,FR,44.83,-0.61,58.68,61.0,36,0,9.17,Sun Mar  3 12:00:26 2019
Plettenberg Bay,ZA,-34.05,23.37,65.11,65.11,96,0,6.53,Sun Mar  3 12:01:23 2019
Eaglesfield,GB,54.64,-3.4,43.07,48.99,95,92,7.0,Sun Mar  3 12:01:17 2019
Naryan-Mar,RU,67.67,53.09,-4.55,-4.55,52,0,10.33,Sun Mar  3 12:01:23 2019
Moerai,PF,-22.43,-151.33,79.83,79.83,100,0,8.21,Sun Mar  3 12:01:24 2019
Setermoen,NO,68.86,18.35,-1.16,3.99,71,20,16.11,Sun Mar  3 11:50:00 2019
Benghazi,LY,32.12,20.07,60.61,60.61,100,0,7.2,Sun Mar  3 12:01:25 2019
Ngaoundere,CM,7.32,13.58,74.74,74.74,34,36,5.97,Sun Mar  3 12:01:25 2019
Octeville,FR,49.63,-1.64,50.52,52.0,100,44,18.34,Sun Mar  3 12:00:12 2019
Fukue,JP,35.03,136.69,48.0,50.0,100,75,12.75,Sun Mar  3 11:56:36 2019
Ponferrada,ES,42.55,-6.59,52.0,52.0,79,92,13.0,Sun Mar  3 12:00:05 2019
Flin Flon,CA,54.77,-101.88,5.0,5.0,60,90,17.22,Sun Mar  3 11:00:00 2019
Tupancireta,BR,-29.08,-53.84,84.33,84.33,56,12,3.62,Sun Mar  3 12:01:21 2019
Bathsheba,BB,13.22,-59.52,77.49,77.49,100,68,12.8,Sun Mar  3 12:00:46 2019
Shingu,JP,33.72,135.99,55.75,55.75,100,100,12.12,Sun Mar  3 12:01:27 2019
Mopti,ML,14.49,-4.19,70.78,70.78,38,0,9.78,Sun Mar  3 12:01:28 2019
Morondava,MG,-20.3,44.28,79.74,79.74,97,64,3.74,Sun Mar  3 12:01:28 2019
Myre,SE,62.25,17.37,22.59,25.0,79,90,2.24,Sun Mar  3 11:58:27 2019
Jaciara,BR,-15.95,-54.98,85.0,85.0,72,68,3.96,Sun Mar  3 12:01:29 2019
Bitung,ID,1.44,125.19,71.6,71.6,100,20,2.24,Sun Mar  3 11:30:00 2019
Palmer,US,61.6,-149.11,27.95,30.99,68,90,3.36,Sun Mar  3 11:58:45 2019
Spornoye,RU,50.84,37.29,26.6,26.6,68,0,13.42,Sun Mar  3 11:30:00 2019
Merke,KZ,42.87,73.19,13.72,13.72,61,0,3.85,Sun Mar  3 12:01:30 2019
San Felipe,CL,-32.75,-70.73,84.0,84.0,34,12,1.99,Sun Mar  3 12:00:34 2019
Port Hedland,AU,-20.31,118.58,80.6,80.6,69,36,5.82,Sun Mar  3 11:30:00 2019
Seydisehir,TR,37.42,31.85,32.49,32.49,94,56,1.95,Sun Mar  3 11:57:19 2019
Banda Aceh,ID,5.56,95.32,72.76,72.76,98,0,2.06,Sun Mar  3 12:01:31 2019
Saint Stephen,US,45.7,-94.27,-3.61,-0.41,63,32,14.99,Sun Mar  3 12:01:07 2019
Lokoja,NG,7.8,6.74,81.94,81.94,60,20,3.85,Sun Mar  3 11:59:49 2019
Kihei,US,20.76,-156.45,72.14,75.2,56,20,11.41,Sun Mar  3 12:01:28 2019
Goksun,TR,38.02,36.5,46.09,46.4,93,75,1.95,Sun Mar  3 10:50:00 2019
Rafaela,AR,-31.25,-61.49,95.05,96.01,37,48,7.0,Sun Mar  3 12:01:01 2019
Montevideo,US,44.94,-95.72,-4.02,-0.41,63,1,16.11,Sun Mar  3 12:01:06 2019
Mount Gambier,AU,-37.83,140.78,50.0,50.0,93,90,2.95,Sun Mar  3 11:00:00 2019
Harrisburg,US,40.27,-76.89,33.31,35.6,86,90,4.7,Sun Mar  3 11:58:53 2019
Kiama,AU,-34.67,150.86,67.32,73.0,100,8,5.19,Sun Mar  3 11:55:51 2019
Ouallam,NE,14.32,2.08,68.62,68.62,18,0,8.77,Sun Mar  3 12:01:35 2019
Carinhanha,BR,-14.3,-43.77,85.14,85.14,56,0,2.62,Sun Mar  3 12:01:35 2019
Amahai,ID,-3.31,129.0,80.01,80.01,91,12,6.2,Sun Mar  3 11:56:40 2019
Manaus,BR,-3.13,-59.98,89.6,89.6,62,40,5.82,Sun Mar  3 12:00:00 2019
Virginia Beach,US,36.85,-75.98,46.54,48.99,87,90,13.87,Sun Mar  3 11:58:00 2019
Honiara,SB,-9.43,159.96,77.89,77.89,83,32,2.17,Sun Mar  3 12:01:36 2019
Mountrath,IE,53.0,-7.47,35.51,42.01,96,92,16.26,Sun Mar  3 12:00:18 2019
Bandarbeyla,SO,9.49,50.81,77.76,77.76,100,92,11.01,Sun Mar  3 12:01:37 2019
Lena,US,32.59,-89.61,46.22,48.2,93,90,11.41,Sun Mar  3 12:01:19 2019
Vestmanna,FO,62.16,-7.17,41.0,41.0,93,92,3.36,Sun Mar  3 11:50:00 2019
Araouane,ML,18.9,-3.53,58.68,58.68,29,0,4.18,Sun Mar  3 12:01:38 2019
Hambantota,LK,6.12,81.12,77.08,77.08,100,24,2.73,Sun Mar  3 12:01:38 2019
San Esteban,CL,-32.8,-70.58,82.04,84.0,34,20,13.87,Sun Mar  3 11:56:34 2019
Mumford,GH,5.26,-0.76,81.36,81.36,82,24,8.88,Sun Mar  3 12:01:40 2019
Ibirapitanga,BR,-14.16,-39.37,79.83,79.83,71,8,7.99,Sun Mar  3 12:01:40 2019
Kavaratti,IN,10.57,72.64,81.94,81.94,100,0,11.56,Sun Mar  3 12:00:49 2019
Petropavlovsk-Kamchatskiy,RU,53.05,158.65,5.0,5.0,65,56,8.99,Sun Mar  3 11:30:00 2019
Concepcion,CO,9.56,-73.66,96.7,96.7,42,12,2.51,Sun Mar  3 12:01:42 2019
Mata,CU,22.63,-79.93,87.8,87.8,33,40,5.82,Sun Mar  3 10:50:00 2019
Mayumba,GA,-3.44,10.65,79.74,79.74,98,76,5.41,Sun Mar  3 12:01:43 2019
Kangasala,FI,61.46,24.07,15.22,17.01,72,0,6.93,Sun Mar  3 11:58:07 2019
Hennenman,ZA,-27.97,27.03,64.99,64.99,51,0,3.06,Sun Mar  3 12:00:11 2019
Killybegs,IE,54.63,-8.45,43.2,46.4,61,20,16.11,Sun Mar  3 11:57:04 2019
Minna,NG,9.62,6.55,82.3,82.3,55,64,9.44,Sun Mar  3 12:01:45 2019
Sur,OM,22.57,59.53,67.27,67.27,100,0,4.85,Sun Mar  3 11:58:52 2019
Ixtapa,MX,20.71,-105.21,78.44,78.8,74,5,9.17,Sun Mar  3 12:00:26 2019
Kropotkin,RU,45.43,40.58,34.0,34.0,92,0,5.75,Sun Mar  3 12:00:17 2019
Sidney,US,47.72,-104.16,-4.67,-2.21,70,1,31.09,Sun Mar  3 12:00:46 2019
Inongo,CD,-1.93,18.29,75.46,75.46,96,56,2.17,Sun Mar  3 12:01:46 2019
Banjar,ID,-7.37,108.54,69.88,69.88,96,92,2.39,Sun Mar  3 11:58:32 2019
Durban,FR,43.54,0.58,56.35,57.99,50,0,10.29,Sun Mar  3 12:00:41 2019
Namatanai,PG,-3.66,152.44,80.5,80.5,100,8,7.31,Sun Mar  3 11:59:44 2019
Penzance,GB,50.12,-5.53,47.77,50.0,87,75,27.51,Sun Mar  3 12:00:00 2019
Escanaba,US,45.75,-87.06,11.28,15.01,60,1,8.05,Sun Mar  3 12:00:36 2019
Puerto Ayacucho,CO,5.66,-67.63,95.0,95.0,41,40,3.36,Sun Mar  3 11:00:00 2019
Barao de Melgaco,BR,-16.19,-55.97,95.0,95.0,53,40,2.24,Sun Mar  3 11:00:00 2019
Ilhabela,BR,-23.78,-45.36,78.39,78.39,100,88,8.77,Sun Mar  3 11:59:17 2019
The Valley,AI,18.22,-63.06,80.56,82.4,61,40,17.22,Sun Mar  3 12:01:14 2019
Oistins,BB,13.07,-59.53,77.49,77.49,100,68,12.8,Sun Mar  3 12:01:49 2019
Iralaya,HN,15.0,-83.23,86.0,86.0,66,20,11.41,Sun Mar  3 11:00:00 2019
Iwanai,JP,42.97,140.51,35.86,35.86,100,76,6.2,Sun Mar  3 12:01:50 2019
Buraydah,SA,26.33,43.97,55.4,55.4,58,0,5.82,Sun Mar  3 11:00:00 2019
Awash,ET,8.99,40.17,73.98,73.98,52,12,9.66,Sun Mar  3 12:01:50 2019
Cam Ranh,VN,11.92,109.15,73.4,73.4,88,20,3.36,Sun Mar  3 11:30:00 2019
Puerto Madryn,AR,-42.77,-65.04,71.73,71.73,57,0,9.78,Sun Mar  3 12:01:54 2019
